tree,real_lambda_1,est_lambda_1,abs_diff_lambda_1,rel_diff_lambda_1,real_psi_1,est_psi_1,abs_diff_psi_1,rel_diff_psi_1,real_rho_1,est_rho_1,abs_diff_rho_1,rel_diff_rho_1,real_R0_1,est_R0_1,abs_diff_R0_1,rel_diff_R0_1,real_infectious_time_1,est_infectious_time_1,abs_diff_infectious_time_1,rel_diff_infectious_time_1,real_lambda_2,est_lambda_2,real_psi_2,est_psi_2,real_rho_2,est_rho_2,real_R0_2,est_R0_2,real_infectious_time_2,est_infectious_time_2,real_t_1,est_t_1,abs_diff_lambda_2,rel_diff_lambda_2,abs_diff_psi_2,rel_diff_psi_2,abs_diff_rho_2,rel_diff_rho_2,abs_diff_R0_2,rel_diff_R0_2,abs_diff_infectious_time_2,rel_diff_infectious_time_2,abs_diff_t_1,rel_diff_t_1
0,0.854084,0.8407591275238313,-0.013324872476168648,-1.560136061109756,0.148484,0.14280384637573712,-0.005680153624262885,-3.8254314432954963,0.638297,0.6382971389515026,1.3895150263731892e-07,1.3895150263731892e-05,5.75201,5.8875103777784465,0.13550037777844626,2.355704836717013,6.73471,7.002612502249124,0.2679025022491244,3.9779367225778746,,,,,,,,,,,9.96503,,,,,,,,,,,,,
1,0.395437,0.2414711423378765,-0.15396585766212348,-38.93562252953656,0.0485189,0.1,0.05148110000000001,100.0,0.674631,0.6746305417779274,-4.5822207261903003e-07,-4.5822207261903e-05,8.15017,2.414711423378765,-5.735458576621234,-70.37225697894932,20.6105,10.0,-10.610499999999998,-51.48104121685548,0.521977,0.8371882774048154,0.0799581,0.15515503478008102,0.0955045,0.09550448350316029,6.52813,5.395817664515096,12.5066,6.445166290719565,21.2151,21.2151,0.31521127740481536,60.38796295714472,0.07519693478008102,94.04542476632263,-1.6496839713719957e-08,-1.6496839713719957e-06,-1.1323123354849036,-17.345125410874225,-6.061433709280435,-48.465879689767284,0.0,0.0
2,0.944911,0.9836768802953006,0.0387658802953007,4.102595937109496,0.132387,0.12313353210788776,-0.009253467892112247,-6.989710388567039,0.420851,0.42085138886352746,3.888635274895691e-07,3.888635274895691e-05,7.1375,7.988700262682449,0.8512002626824486,11.925747988545691,7.55362,8.121264637514134,0.5676446375141344,7.514868864387332,,,,,,,,,,,10.8957,,,,,,,,,,,,,
3,0.212226,0.18964017513762754,-0.022585824862372456,-10.64234583056386,0.0589305,0.1,0.04106950000000001,69.69141615971358,0.415546,0.4155456551383142,-3.4486168581926435e-07,-3.4486168581926435e-05,3.60129,1.8964017513762754,-1.7048882486237247,-47.34104303246127,16.9691,10.0,-6.969100000000001,-41.06935547554084,0.327853,0.4268228113335275,0.0783318,0.1,0.257849,0.2578494120964908,4.18544,4.268228113335275,12.7662,10.0,45.7697,45.7697,0.0989698113335275,30.187252010360588,0.021668200000000012,27.662073385266282,4.120964908205238e-07,4.120964908205238e-05,0.08278811333527525,1.9780026313906125,-2.7661999999999995,-21.6681549717222,0.0,0.0
4,1.91767,1.9509525033805206,0.033282503380520634,1.7355699041295236,0.246205,0.25392431714469943,0.007719317144699422,3.135321031132358,0.584356,0.5843558903864027,-1.0961359730998765e-07,-1.0961359730998765e-05,7.7889,7.683204686019753,-0.10569531398024701,-1.3569992422581751,4.06166,3.938181310260834,-0.12347868973916576,-3.04010403970706,,,,,,,,,,,5.97751,,,,,,,,,,,,,
5,0.952205,0.669678454199655,-0.282526545800345,-29.670768983605946,0.139015,0.3170301639870062,0.17801516398700618,100.0,0.357371,0.35737108406647317,8.406647317160676e-08,8.406647317160676e-06,6.84965,2.1123493290912925,-4.7373006709087075,-69.16120781220512,7.19346,3.1542739890232845,-4.0391860109767155,-56.150809359845134,0.204601,0.2584668317320778,0.0572927,0.1,0.0678106,0.06781061306017667,3.57116,2.584668317320778,17.4542,10.0,9.83197,9.83197,0.05386583173207779,26.32725731158586,0.042707300000000004,74.54230643694572,1.3060176676238378e-08,1.3060176676238378e-06,-0.986491682679222,-27.623844428119217,-7.4542,-42.707199413321725,0.0,0.0
6,0.884215,0.877254457911139,-0.006960542088860988,-0.787200181953596,0.114199,0.11343966700967373,-0.0007593329903262669,-0.6649208752495792,0.541652,0.5416519268884137,-7.311158634060178e-08,-7.3111586340601775e-06,7.74274,7.733224903034402,-0.009515096965598602,-0.12289056542772456,8.75662,8.815258598341298,0.058638598341298476,0.6696487724863985,,,,,,,,,,,11.7699,,,,,,,,,,,,,
7,0.510651,0.48120857135465445,-0.02944242864534552,-5.765665522116969,0.0556947,0.1,0.044305300000000006,79.55029832282068,0.496104,0.49610420588030585,2.0588030585910744e-07,2.0588030585910744e-05,9.16875,4.812085713546544,-4.356664286453455,-47.51644756868117,17.955,10.0,-7.954999999999998,-44.30520746310219,,,,,,,,,,,22.1117,,,,,,,,,,,,,
8,0.973646,1.3282168246572552,0.3545708246572552,36.41681110560257,0.0984952,0.1,0.0015048000000000006,1.5277901867299122,0.0852464,0.08524644460551693,4.4605516932860745e-08,4.4605516932860745e-06,9.88522,13.282168246572551,3.396948246572551,34.36391144124815,10.1528,10.0,-0.15279999999999916,-1.5050035458198643,1.73964,2.5325639154984727,0.253383,0.523461995777518,0.197577,0.1975774316300617,6.86564,4.838104649291224,3.94659,1.910358360428176,10.1326,10.1326,0.7929239154984726,45.57977026847351,0.2700789957775179,100.0,4.316300616924451e-07,4.316300616924451e-05,-2.027535350708776,-29.531629253919174,-2.036231639571824,-51.59470934583587,0.0,0.0
9,1.65597,1.70388099686012,0.047910996860120125,2.893228552456876,0.32962,0.3078107564867327,-0.02180924351326735,-6.616480648403419,0.529418,0.5294175068141798,-4.931858202938955e-07,-4.9318582029389546e-05,5.02388,5.535482308375929,0.5116023083759291,10.183410200401465,3.0338,3.2487493660511575,0.21494936605115766,7.085152813341606,,,,,,,,,,,6.19732,,,,,,,,,,,,,
10,0.0693922,0.08208755278315646,0.012695352783156463,18.295071756128877,0.0516358,0.1,0.0483642,93.6640857699503,0.503124,0.5031243718046713,3.7180467127306827e-07,3.7180467127306827e-05,1.34388,0.8208755278315646,-0.5230044721684354,-38.91749800342556,19.3664,10.0,-9.366399999999999,-48.364177131526766,0.436907,0.49053432367505406,0.0853238,0.1,0.544709,0.5447092203070619,5.12057,4.90534323675054,11.7201,10.0,256.36,256.36,0.05362732367505407,12.274310934604864,0.0146762,17.200593503805504,2.2030706192666116e-07,2.2030706192666116e-05,-0.21522676324945955,-4.203179787591217,-1.7201000000000004,-14.676495934335035,0.0,0.0
11,0.733873,0.6849705131731996,-0.04890248682680043,-6.663617114514422,0.17674,0.18745257293472087,0.01071257293472086,6.0612045573842135,0.54543,0.545430222646997,2.226469970612044e-07,2.226469970612044e-05,4.15228,3.6541003542892745,-0.4981796457107257,-11.99773728435283,5.65804,5.334682711174327,-0.3233572888256724,-5.7150053521302855,,,,,,,,,,,14.7455,,,,,,,,,,,,,
12,0.305881,0.2771781715441352,-0.028702828455864804,-9.383658499829934,0.0551519,0.1,0.04484810000000001,81.31741608176692,0.70796,0.7079600318918882,3.189188813035315e-08,3.189188813035315e-06,5.54617,2.7717817154413518,-2.7743882845586483,-50.02349882096381,18.1317,10.0,-8.131699999999999,-44.847973438784,1.3316,1.92966082401398,0.142321,0.949290398519644,0.505311,0.5053112303680188,9.35632,2.0327402731800084,7.02637,1.053418428712051,29.6843,29.6843,0.5980608240139802,44.91294863427308,0.806969398519644,100.0,2.303680188830981e-07,2.303680188830981e-05,-7.323579726819991,-78.27414760097979,-5.972951571287949,-85.00764365224074,0.0,0.0
13,0.150805,0.16761923329668768,0.016814233296687686,11.149652396596723,0.050328,0.1,0.04967200000000001,98.69655062788112,0.576016,0.5760155789631501,-4.2103684982919276e-07,-4.2103684982919276e-05,2.99644,1.6761923329668766,-1.3202476670331236,-44.060540742785555,19.8697,10.0,-9.869700000000002,-49.672113821547384,0.763433,0.7210324569918811,0.0983762,0.2825641785922253,0.716981,0.7169805927560433,7.76035,2.5517475731855566,10.1651,3.5390190114760522,64.1806,64.1806,-0.04240054300811891,-5.5539311253402595,0.18418797859222533,100.0,-4.072439566682462e-07,-4.072439566682462e-05,-5.208602426814443,-67.11813805839225,-6.626080988523949,-65.1846119420758,0.0,0.0
14,0.355445,0.2996603719967427,-0.055784628003257286,-15.694306574366578,0.143703,0.11037138804294792,-0.033331611957052074,-23.194792006466166,0.458152,0.4581517134773483,-2.865226517156927e-07,-2.865226517156927e-05,2.47348,2.715018605004209,0.2415386050042092,9.765132728148568,6.95882,9.060319143679502,2.1014991436795016,30.19907317159377,0.440416,0.5817549360198402,0.151157,0.17703244083828976,0.311494,0.3114937598483149,2.91364,3.2861487604480586,6.61565,5.648682214766783,25.7653,25.7653,0.1413389360198402,32.09214379582945,0.025875440838289743,17.118255084640303,-2.4015168509361473e-07,-2.4015168509361473e-05,0.3725087604480586,12.784996102746343,-0.9669677852332166,-14.616368538740964,0.0,0.0
15,0.768716,0.7564876891525111,-0.012228310847488877,-1.5907449366851838,0.104901,0.11247869085054422,0.00757769085054423,7.223659307865732,0.331037,0.3310374425760992,4.425760991577654e-07,4.425760991577654e-05,7.32801,6.725608943632641,-0.6024010563673592,-8.220527214992327,9.53279,8.890572893747025,-0.6422171062529749,-6.736927030313003,,,,,,,,,,,12.9234,,,,,,,,,,,,,
16,0.521087,0.3837670815731683,-0.13731991842683167,-26.35258957272618,0.0665885,0.1,0.03341150000000001,50.176081455506605,0.376107,0.3761072891546555,2.8915465549728125e-07,2.8915465549728125e-05,7.82548,3.837670815731683,-3.987809184268317,-50.959291752944445,15.0176,10.0,-5.0176,-33.41146388237801,0.220342,0.2556677071313479,0.0550757,0.3228993703347824,0.705197,0.7051974784687776,4.00071,0.7917875679542867,18.1568,3.0969400744361906,22.0536,22.0536,0.03532570713134789,16.032216795412534,0.2678236703347824,100.0,4.784687775982732e-07,4.784687775982732e-05,-3.2089224320457133,-80.2088237349299,-15.05985992556381,-82.94335965348415,0.0,0.0
17,1.2526,1.291010211739674,0.03841021173967407,3.066438746581037,0.176658,0.16651869084211804,-0.01013930915788197,-5.73951315982405,0.619472,0.6194721082498404,1.0824984042479002e-07,1.0824984042479002e-05,7.09051,7.7529447608,0.6624347608000001,9.342554496079973,5.66064,6.005331863605231,0.34469186360523096,6.089273714725383,,,,,,,,,,,8.22683,,,,,,,,,,,,,
18,0.579347,0.3345552932733137,-0.24479170672668626,-42.25303776953817,0.0762433,0.33051509361703535,0.25427179361703534,100.0,0.55825,0.5582498495119347,-1.5048806534245784e-07,-1.5048806534245784e-05,7.59867,1.0122239490247296,-6.586446050975271,-86.67893264183431,13.1159,3.025580432821898,-10.090319567178103,-76.9319647693113,0.787433,7.402412314596781,0.378843,10.0,0.216723,0.21672332424758606,2.07852,0.740241231459678,2.63961,0.1,17.0437,17.0437,6.614979314596781,100.0,9.621157,100.0,3.242475860587568e-07,3.242475860587568e-05,-1.3382787685403221,-64.38613862461376,-2.5396099999999997,-96.21156155644205,0.0,0.0
19,0.431304,0.4118290395403512,-0.019474960459648805,-4.5153674576745875,0.0626313,0.1,0.037368700000000005,59.664576657358225,0.329699,0.32969897028596185,-2.9714038174422086e-08,-2.9714038174422086e-06,6.8864,4.118290395403512,-2.7681096045964884,-40.19675889574362,15.9665,10.0,-5.9665,-37.36886606332008,,,,,,,,,,,28.417,,,,,,,,,,,,,
20,1.06737,1.0686340237691156,0.0012640237691157186,0.1184241424356801,0.201951,0.1,-0.10195099999999999,-50.483037964654784,0.142617,0.14261650341498383,-4.965850161631202e-07,-4.965850161631202e-05,5.28531,10.686340237691155,5.401030237691155,100.0,4.9517,10.0,5.0483,100.0,0.706465,0.6532410982381117,0.093611,0.5866953314801869,0.714593,0.7145928184609195,7.54681,1.1134247422593853,10.6825,1.7044621737096106,10.5096,10.5096,-0.05322390176188829,-7.533834197290494,0.49308433148018693,100.0,-1.8153908054596712e-07,-1.8153908054596712e-05,-6.433385257740614,-85.24641878807886,-8.97803782629039,-84.04435128752998,0.0,0.0
21,0.257398,0.21297112028420792,-0.044426879715792095,-17.259994139733834,0.0512383,0.1024561185103987,0.051217818510398694,99.96002699230594,0.435729,0.43572932400180736,3.240018073835671e-07,3.240018073835671e-05,5.02355,2.078656925331332,-2.944893074668668,-58.621753036571114,19.5166,9.760276053191552,-9.756323946808449,-49.989875013109085,0.12524,0.13139003008790376,0.0621675,0.1,0.424467,0.42446667233693613,2.01456,1.3139003008790375,16.0856,10.0,32.5584,32.5584,0.006150030087903768,4.910595726528081,0.037832500000000005,60.855752603852494,-3.2766306384823807e-07,-3.276630638482381e-05,-0.7006596991209624,-34.779788098689664,-6.0855999999999995,-37.832595613467944,0.0,0.0
22,0.497134,0.3811881075199788,-0.11594589248002124,-23.32286515909619,0.054166,0.1,0.04583400000000001,84.6176568326995,0.717806,0.7178057451411984,-2.548588016182407e-07,-2.548588016182407e-05,9.17797,3.811881075199788,-5.366088924800213,-58.46705671080002,18.4618,10.0,-8.4618,-45.834100683573645,0.226663,0.32000395627308753,0.0909982,0.449519059317169,0.682438,0.6824382494826391,2.49085,0.7118807303947952,10.9892,2.224599778970497,18.5054,18.5054,0.09334095627308753,41.18049980503546,0.35852085931716904,100.0,2.4948263910307134e-07,2.4948263910307134e-05,-1.7789692696052049,-71.4201686012889,-8.764600221029504,-79.75649019973704,0.0,0.0
23,0.175763,0.13913910369583085,-0.03662389630416915,-20.837091028355882,0.0519106,0.10968505378414142,0.05777445378414142,100.0,0.381137,0.38113690634466957,-9.365533043537155e-08,-9.365533043537155e-06,3.38588,1.2685329394983438,-2.1173470605016558,-62.534616126432596,19.2639,9.11701244153087,-10.14688755846913,-52.67307013880435,0.52893,1.69062948654268,0.0561812,0.9664135407880222,0.394389,0.39438915743621883,9.41472,1.7493851391652953,17.7996,1.0347537133891884,60.5782,60.5782,1.16169948654268,100.0,0.9102323407880222,100.0,1.5743621883945735e-07,1.5743621883945735e-05,-7.665334860834705,-81.41861745048928,-16.764846286610812,-94.18664625390913,0.0,0.0
24,0.610324,0.9507949265783606,0.34047092657836064,55.785275784396596,0.117734,0.1,-0.017734,-15.062768613994256,0.235451,0.23545128076245658,2.8076245658925636e-07,2.8076245658925636e-05,5.18393,9.507949265783605,4.324019265783605,83.41199178583824,8.49373,10.0,1.5062700000000007,17.733904892196957,2.62065,3.235524200479895,0.380175,1.1788510425369485,0.597449,0.5974490571574177,6.89326,2.7446420995793326,2.63036,0.8482835947177416,16.7931,16.7931,0.6148742004798953,23.462660045404586,0.7986760425369486,100.0,5.7157417687747625e-08,5.7157417687747625e-06,-4.148617900420668,-60.18368522905951,-1.7820764052822584,-67.75028533289202,0.0,0.0
25,0.903299,0.9169832371280012,0.013684237128001264,1.5149177767274473,0.122331,0.10706976465763894,-0.015261235342361054,-12.475362207748693,0.345546,0.34554571950647067,-2.804935293476696e-07,-2.8049352934766958e-05,7.38404,8.564352784935151,1.1803127849351513,15.984647766468646,8.17453,9.339704847559451,1.1651748475594506,14.253722814148952,,,,,,,,,,,11.0091,,,,,,,,,,,,,
26,0.509511,0.36194154993690575,-0.1475694500630943,-28.962956651199733,0.0758468,0.1,0.0241532,31.84471856426375,0.593077,0.5930766763760756,-3.236239243253891e-07,-3.236239243253891e-05,6.71764,3.6194154993690573,-3.098224500630943,-46.12072841996509,13.1845,10.0,-3.1845,-24.153361902233684,0.411237,0.5265108840271792,0.0900357,0.1736714555044998,0.521472,0.5214719401805203,4.56749,3.031648940222864,11.1067,5.757998613503243,21.5073,21.5073,0.11527388402717914,28.031009862239813,0.08363575550449981,92.89177015839252,-5.981947970301604e-08,-5.981947970301604e-06,-1.5358410597771361,-33.62549364699509,-5.348701386496757,-48.15743097856931,0.0,0.0
27,0.511828,0.4930495791911066,-0.01877842080889336,-3.6688928329230444,0.0762939,0.1,0.023706100000000008,31.072077846328483,0.15168,0.15168021789794017,2.1789794016346953e-07,2.1789794016346953e-05,6.70863,4.930495791911065,-1.778134208088935,-26.50517628918177,13.1072,10.0,-3.1072000000000006,-23.706054687500004,,,,,,,,,,,21.4686,,,,,,,,,,,,,
28,0.555797,0.4825300737369775,-0.0732669262630225,-13.182317692075074,0.0602399,0.25217450566237154,0.19193460566237153,100.0,0.0794762,0.07947620539675256,5.3967525587284015e-09,5.396752558728402e-07,9.22639,1.9134768301400844,-7.312913169859916,-79.26082866494822,16.6003,3.965507922275332,-12.634792077724669,-76.11182977250212,0.570267,3.8792255685431574,0.0619472,1.7375264078427626,0.201456,0.20145608594681963,9.2057,2.2326138762745114,16.1428,0.5755308209914096,22.1768,22.1768,3.3089585685431575,100.0,1.6755792078427625,100.0,8.594681963347561e-08,8.594681963347561e-06,-6.973086123725489,-75.74748388200233,-15.56726917900859,-96.43475220537076,0.0,0.0
29,2.00095,2.0019761689903475,0.0010261689903474647,0.05128408957482519,0.376782,0.3577544131375579,-0.019027586862442103,-5.050025442415535,0.1761,0.17609959157046645,-4.084295335549104e-07,-4.084295335549104e-05,5.31064,5.5959510084941435,0.28531100849414326,5.372441146342875,2.65406,2.7952135970311462,0.14115359703114638,5.318402637135045,,,,,,,,,,,6.3474,,,,,,,,,,,,,
30,0.817228,0.6637172286283863,-0.15351077137161362,-18.784325961862987,0.144955,0.1,-0.044954999999999995,-31.0130730226622,0.066988,0.06698803248602828,3.248602827021774e-08,3.2486028270217737e-06,5.63779,6.637172286283863,0.999382286283863,17.726490101331606,6.89867,10.0,3.10133,44.9554769252624,0.526344,0.8505183652835291,0.0536352,0.19227017488802747,0.259848,0.2598480625848902,9.81342,4.423558494076609,18.6445,5.2010146689801,13.4644,13.4644,0.32417436528352905,61.589828189079576,0.13863497488802748,100.0,6.258489015920077e-08,6.258489015920077e-06,-5.389861505923392,-54.92337539739858,-13.4434853310199,-72.10429526680737,0.0,0.0
31,0.0679498,0.07603766227850274,0.008087862278502736,11.902702110238346,0.0477505,0.1,0.052249500000000004,100.0,0.557301,0.5573013934677117,3.934677116346208e-07,3.934677116346208e-05,1.42302,0.7603766227850274,-0.6626433772149726,-46.56599184937475,20.9422,10.0,-10.9422,-52.24952488277258,0.215329,0.23826936239043695,0.0639855,0.1,0.102372,0.10237200788829581,3.36528,2.3826936239043692,15.6285,10.0,194.124,194.124,0.022940362390436952,10.653633458770976,0.036014500000000005,56.28540841284354,7.8882958082227e-09,7.888295808222701e-07,-0.9825863760956306,-29.1977599514938,-5.628500000000001,-36.01433278945517,0.0,0.0
32,5.10446,5.150382847903214,0.04592284790321344,0.8996612355315436,0.577959,0.5900457712353261,0.012086771235326088,2.0912852356873217,0.0712309,0.07123090701786175,7.017861750058252e-09,7.017861750058252e-07,8.83186,8.728785289182428,-0.10307471081757313,-1.1670781785215472,1.73023,1.6947837756830109,-0.03544622431698907,-2.0486423375498672,,,,,,,,,,,3.11333,,,,,,,,,,,,,
33,0.642631,0.4395810652397841,-0.20304993476021588,-31.59666041012897,0.0886136,0.27307719135408454,0.18446359135408452,100.0,0.285671,0.285670672470694,-3.275293060100992e-07,-3.275293060100992e-05,7.25205,1.6097318969045749,-5.642318103095425,-77.80307779311264,11.285,3.661968233382603,-7.623031766617397,-67.55012642106688,0.09305,0.16738772916206193,0.0497569,0.1,0.111136,0.11113601221139216,1.87009,1.6738772916206193,20.0977,10.0,13.4639,13.4639,0.07433772916206194,79.89009044821273,0.050243100000000006,100.0,1.2211392161343149e-08,1.2211392161343149e-06,-0.19621270837938076,-10.492153232164268,-10.0977,-50.24306263900844,0.0,0.0
34,0.694459,0.49727873783951804,-0.197180262160482,-28.393362626228765,0.204057,0.27692304746514923,0.07286604746514924,35.70867329478981,0.366233,0.36623348497320485,4.849732048728406e-07,4.849732048728406e-05,3.40325,1.795728966553788,-1.6075210334462118,-47.23487940780759,4.90058,3.611111495246166,-1.2894685047538337,-26.31256922147651,0.495455,0.6778177647334545,0.0511738,0.43493745082588614,0.529376,0.5293759618802927,9.6818,1.5584258459380127,19.5412,2.299181176744238,14.2067,14.2067,0.18236276473345447,36.807129756174525,0.38376365082588615,100.0,-3.811970727962688e-08,-3.811970727962688e-06,-8.123374154061988,-83.90355258383758,-17.242018823255762,-88.23418635117476,0.0,0.0
35,0.611388,0.1255785079899716,-0.48580949201002843,-79.46009604539644,0.0620088,0.1,0.0379912,61.26743300950833,0.210286,0.21028556376199464,-4.3623800535796953e-07,-4.362380053579695e-05,9.8597,1.255785079899716,-8.603914920100284,-87.26345548140696,16.1267,10.0,-6.1267,-37.9910335034446,0.529816,0.5087046895331482,0.073021,0.1,0.471563,0.471562573678745,7.25566,5.087046895331482,13.6947,10.0,14.2557,14.2557,-0.021111310466851774,-3.9846494758277924,0.026979000000000003,36.946905684666056,-4.2632125502040097e-07,-4.26321255020401e-05,-2.168613104668518,-29.8885711936408,-3.694699999999999,-26.97905028952806,0.0,0.0
36,1.83479,0.9322639294183306,-0.9025260705816693,-49.1896113768698,0.203017,0.49061884251596743,0.28760184251596743,100.0,0.419795,0.41979496103030184,-3.896969813510509e-08,-3.896969813510509e-06,9.03763,1.9001796275037879,-7.137450372496212,-78.97480171788635,4.9257,2.038242141031211,-2.887457858968789,-58.620254156135964,0.562604,1.4167664577650623,0.0729286,0.5569624701571227,0.271615,0.27161457733047295,7.71444,2.5437377447808704,13.712,1.7954531114419496,5.34911,5.34911,0.8541624577650623,100.0,0.48403387015712274,100.0,-4.2266952704483884e-07,-4.2266952704483884e-05,-5.17070225521913,-67.02628130128862,-11.91654688855805,-86.9059720577454,0.0,0.0
37,0.409773,0.3824262137600036,-0.027346786239996423,-6.67364278271053,0.0484529,0.1,0.051547100000000005,100.0,0.264072,0.26407195296261754,-4.703738243350131e-08,-4.703738243350131e-06,8.45713,3.8242621376000354,-4.632867862399964,-54.78061543809737,20.6386,10.0,-10.6386,-51.5471010630566,0.392936,0.6939108396523848,0.0488621,0.7587675940625647,0.601662,0.6016620905059861,8.04174,0.9145235577827905,20.4658,1.317926606018897,24.3998,24.3998,0.30097483965238475,76.5964023791113,0.7099054940625646,100.0,9.050598603899118e-08,9.050598603899118e-06,-7.12721644221721,-88.62779003321681,-19.147873393981104,-93.56034649992232,0.0,0.0
38,0.262302,0.22157175558903144,-0.040730244410968536,-15.527996130783805,0.0986242,0.14016324387726584,0.04153904387726584,42.11851034255877,0.672619,0.6726191621379025,1.6213790254848703e-07,1.6213790254848703e-05,2.65961,1.580812126344986,-1.078797873655014,-40.5622581376598,10.1395,7.134538073873715,-3.0049619261262848,-29.636194350079244,0.371089,0.33818514840636693,0.0516986,0.1,0.524149,0.5241492916415977,7.17794,3.3818514840636693,19.3429,10.0,37.1649,37.1649,-0.03290385159363307,-8.866835609148499,0.04830140000000001,93.4288355970955,2.916415977605169e-07,2.916415977605169e-05,-3.796088515936331,-52.88548686581848,-9.3429,-48.30144394067074,0.0,0.0
39,2.13625,1.257938038884256,-0.8783119611157439,-41.114661725722364,0.333653,0.7474964660333401,0.4138434660333401,100.0,0.54035,0.5403502949311733,2.949311732614035e-07,2.949311732614035e-05,6.40261,1.6828682088085605,-4.719741791191439,-73.7159032205841,2.99712,1.3377989668721693,-1.6593210331278305,-55.363850400645646,0.778833,1.3052487134109518,0.141097,0.32500487657918964,0.128883,0.1288830706654292,5.51983,4.0160896265595545,7.0873,3.076876908818761,4.32078,4.32078,0.5264157134109518,67.59031954359303,0.18390787657918964,100.0,7.066542920264318e-08,7.066542920264318e-06,-1.5037403734404453,-27.242512422310927,-4.010423091181239,-56.586049570093536,0.0,0.0
40,0.768412,0.8487189273188691,0.08030692731886913,10.451024622060707,0.0779422,0.1,0.022057800000000002,28.300201944517863,0.528706,0.528705911228847,-8.877115298400184e-08,-8.877115298400184e-06,9.85873,8.48718927318869,-1.3715407268113093,-13.911941262325971,12.83,10.0,-2.83,-22.0576773187841,1.5153,1.703415734354031,0.18685,0.9425250591992235,0.640172,0.6401719787068612,8.10972,1.8072895969485057,5.35189,1.0609797482197532,11.5335,11.5335,0.18811573435403095,12.414421854024347,0.7556750591992235,100.0,-2.129313880772088e-08,-2.129313880772088e-06,-6.302430403051494,-77.71452532333414,-4.290910251780247,-80.17560622098449,0.0,0.0
41,0.445035,0.4205839011374032,-0.024451098862596832,-5.494196830046363,0.0561824,0.1,0.043817600000000005,77.99168422851285,0.38319,0.38319009134198356,9.134198358795587e-08,9.134198358795587e-06,7.92124,4.205839011374032,-3.7154009886259685,-46.90428504408361,17.7992,10.0,-7.799199999999999,-43.81769967189536,,,,,,,,,,,20.3379,,,,,,,,,,,,,
42,0.277452,0.27081638515425405,-0.00663561484574593,-2.391626243727178,0.181589,0.21611754448925705,0.034528544489257046,19.014667457421456,0.393727,0.3937265288831445,-4.711168554716316e-07,-4.711168554716316e-05,1.52791,1.2530976408891967,-0.2748123591108034,-17.986161430372427,5.50693,4.62711161355856,-0.87981838644144,-15.976567460298932,0.0779846,0.09309655013326598,0.0697737,0.1,0.561935,0.5619348789663074,1.11768,0.9309655013326598,14.332,10.0,75.4456,75.4456,0.01511195013326598,19.378120979354875,0.03022630000000001,43.32047748650281,-1.2103369251281748e-07,-1.2103369251281748e-05,-0.18671449866734025,-16.70554171742719,-4.332000000000001,-30.226067541166625,0.0,0.0
43,0.74024,0.508609245368874,-0.23163075463112603,-31.29130479724495,0.145813,0.13219061448535754,-0.013622385514642454,-9.342366945774694,0.522349,0.5223486658965921,-3.341034078285787e-07,-3.341034078285787e-05,5.07664,3.8475443006977734,-1.2290956993022268,-24.21081067994238,6.8581,7.564833584390121,0.706733584390121,10.305093019788586,0.416246,0.6201614956413647,0.0786665,0.44301109377429454,0.560277,0.5602772365046078,5.29128,1.3998780264345363,12.7119,2.257279815456451,14.4225,14.4225,0.20391549564136469,48.989178428468904,0.3643445937742945,100.0,2.365046077867916e-07,2.365046077867916e-05,-3.891401973565464,-73.54367891257813,-10.454620184543549,-82.2427818386201,0.0,0.0
44,0.616769,0.389037830692265,-0.22773116930773502,-36.92325154275507,0.122456,0.10478500150587086,-0.017670998494129134,-14.430488088888364,0.47128,0.47128010768016954,1.0768016955875481e-07,1.0768016955875481e-05,5.03666,3.7127243890001576,-1.3239356109998428,-26.285983389782963,8.1662,9.543350533272381,1.3771505332723812,16.864031413293592,0.11763,0.1559927228265447,0.0651835,0.22822518503780245,0.670546,0.6705463268673156,1.80461,0.683503544101439,15.3413,4.381637372029574,14.8425,14.8425,0.038362722826544696,32.6130432938406,0.16304168503780245,100.0,3.2686731565867433e-07,3.268673156586743e-05,-1.121106455898561,-62.12458403192718,-10.959662627970427,-71.43894342702657,0.0,0.0
45,3.32731,2.0871629147926516,-1.2401470852073486,-37.27176263129521,0.498048,1.3479909323756496,0.8499429323756496,100.0,0.32206,0.3220596451761021,-3.5482389793006774e-07,-3.5482389793006774e-05,6.68071,1.5483508565701645,-5.132359143429836,-76.82355832583416,2.00784,0.7418447527963982,-1.2659952472036018,-63.05259618314217,0.0780794,0.17359037371905095,0.0494981,0.1,0.0999281,0.09992809042024955,1.57742,1.7359037371905095,20.2028,10.0,2.83949,2.83949,0.09551097371905096,100.0,0.0505019,100.0,-9.579750451238489e-09,-9.57975045123849e-07,0.15848373719050945,10.047022174849403,-10.2028,-50.501910626249824,0.0,0.0
46,0.883921,0.4571884679014388,-0.42673253209856116,-48.27722523829179,0.0942118,0.3176760026426554,0.22346420264265537,100.0,0.260433,0.2604331034983987,1.0349839868473154e-07,1.0349839868473154e-05,9.38227,1.439165892601957,-7.943104107398043,-84.66079218992891,10.6144,3.1478613168174094,-7.46653868318259,-70.34348322262765,0.148536,0.8830723217046473,0.0914289,0.38026633922758196,0.0693231,0.06932306606656045,1.62461,2.32224688490281,10.9375,2.6297357847430183,11.778,11.778,0.7345363217046473,100.0,0.288837439227582,100.0,-3.393343954438688e-08,-3.393343954438688e-06,0.6976368849028098,42.941806642997996,-8.30776421525698,-75.95670139663525,0.0,0.0
47,1.75113,1.5271067514599068,-0.22402324854009326,-12.793067821354967,0.372661,0.5172936679093064,0.1446326679093064,38.8107872595486,0.730533,0.7305325696539328,-4.3034606722613944e-07,-4.3034606722613944e-05,4.699,2.9521079537506423,-1.7468920462493576,-37.17582562777948,2.6834,1.9331379099257082,-0.7502620900742916,-27.95938324790533,0.759216,0.7742031614345996,0.0932359,0.1,0.128,0.12799990528993963,8.14296,7.742031614345995,10.7255,10.0,6.2084,6.2084,0.01498716143459955,1.974031294730294,0.006764100000000009,7.254823517550653,-9.471006037764518e-08,-9.471006037764518e-06,-0.4009283856540051,-4.9236197359928715,-0.7255000000000003,-6.764253414759221,0.0,0.0
48,0.754378,0.7096218506144838,-0.0447561493855162,-5.9328545351953785,0.0802588,0.1,0.0197412,24.59692893489561,0.670233,0.6702331418709052,1.4187090524586665e-07,1.4187090524586665e-05,9.39932,7.0962185061448375,-2.303101493855162,-24.502852268623286,12.4597,10.0,-2.4596999999999998,-19.741245776383057,,,,,,,,,,,12.6069,,,,,,,,,,,,,
49,0.340821,0.2769128920943592,-0.06390810790564078,-18.75122363517529,0.0527071,0.1,0.047292900000000006,89.72775963769588,0.358419,0.3584188578624901,-1.4213750987313034e-07,-1.4213750987313034e-05,6.46632,2.769128920943592,-3.6971910790564078,-57.17612303530305,18.9728,10.0,-8.9728,-47.29296677348625,0.235452,0.517459076132939,0.0987773,0.25636758127384673,0.37188,0.37187980508710755,2.38366,2.0184263297323835,10.1238,3.900649196872595,31.4011,31.4011,0.28200707613293896,100.0,0.15759028127384672,100.0,-1.9491289243722676e-07,-1.9491289243722676e-05,-0.36523367026761644,-15.322389529866525,-6.223150803127404,-61.47050320163777,0.0,0.0
50,0.628362,0.6048908136346728,-0.02347118636532719,-3.7352969093177486,0.065568,0.1,0.034432000000000004,52.51342118106393,0.329838,0.3298384558323944,4.558323943859577e-07,4.558323943859577e-05,9.58336,6.048908136346728,-3.534451863653273,-36.88113421235634,15.2513,10.0,-5.2513000000000005,-34.43181892691115,,,,,,,,,,,18.6727,,,,,,,,,,,,,
51,0.869392,1.1023536692130427,0.23296166921304262,26.795929708697873,0.0910431,0.1,0.008956900000000004,9.838087674958349,0.179098,0.17909752173499904,-4.782650009638179e-07,-4.7826500096381785e-05,9.54923,11.023536692130426,1.4743066921304262,15.43901123054347,10.9838,10.0,-0.9838000000000005,-8.956827327518713,1.47207,2.31637035594051,0.166202,0.8890572521914293,0.373314,0.37331423738552794,8.8571,2.6054231605792646,6.01677,1.1247869555476984,11.6344,11.6344,0.84430035594051,57.35463367506368,0.7228552521914293,100.0,2.373855279569348e-07,2.373855279569348e-05,-6.251676839420736,-70.5837897214747,-4.891983044452302,-81.30580102700124,0.0,0.0
52,0.855712,0.534885605752245,-0.32082639424775505,-37.492333197121816,0.086801,0.21925614021597364,0.13245514021597365,100.0,0.655344,0.6553437855895006,-2.1441049946613333e-07,-2.1441049946613333e-05,9.85832,2.439546756708237,-7.4187732432917635,-75.25393011478388,11.5206,4.560875690938329,-6.959724309061671,-60.411127103290376,0.536206,1.7704102434085258,0.0818015,1.4277431428810399,0.443305,0.44330488201683804,6.55497,1.240006125917032,12.2247,0.7004060954424212,13.0058,13.0058,1.2342042434085259,100.0,1.3459416428810398,100.0,-1.1798316196243164e-07,-1.1798316196243164e-05,-5.314963874082968,-81.0829626082647,-11.52429390455758,-94.27056618614428,0.0,0.0
53,0.447457,0.42281082556944616,-0.024646174430553835,-5.508054277964996,0.062961,0.1,0.037039,58.82848112323502,0.389098,0.38909828099791843,2.80997918433723e-07,2.80997918433723e-05,7.1069,4.228108255694461,-2.8787917443055395,-40.50699664137021,15.8829,10.0,-5.882899999999999,-37.03920568661894,,,,,,,,,,,26.749,,,,,,,,,,,,,
54,0.0697263,0.10283497627611222,0.03310867627611222,47.483770508563076,0.0487933,0.1,0.05120670000000001,100.0,0.251759,0.2517594103629214,4.1036292136586994e-07,4.1036292136586994e-05,1.42901,1.0283497627611222,-0.40066023723887767,-28.037609060739793,20.4946,10.0,-10.494599999999998,-51.20665931513667,0.630458,0.7537904319270714,0.0856335,0.12281655195152963,0.525478,0.5254782527668264,7.36228,6.137531301355536,11.6777,8.142225002332395,287.338,287.338,0.12333243192707144,19.562354974807434,0.03718305195152963,43.42115171227338,2.527668263585525e-07,2.5276682635855252e-05,-1.224748698644464,-16.635453944219236,-3.5354749976676043,-30.275439492944713,0.0,0.0
55,0.70739,1.0575521282749347,0.35016212827493476,49.50057652425603,0.0757129,0.1,0.024287100000000006,32.07788897268498,0.0982481,0.09824805368094527,-4.631905473062581e-08,-4.631905473062581e-06,9.34306,10.575521282749346,1.2324612827493464,13.191195205311177,13.2078,10.0,-3.2078000000000007,-24.2871636457245,1.94814,4.507734014369757,0.281422,2.2221914485382106,0.342725,0.3427248904320652,6.9225,2.0285083975707896,3.55339,0.4500062317573107,13.8399,13.8399,2.559594014369757,100.0,1.9407694485382105,100.0,-1.0956793478067439e-07,-1.095679347806744e-05,-4.89399160242921,-70.69688121963466,-3.103383768242689,-87.33586147995827,0.0,0.0
56,1.24539,0.6874845933749989,-0.5579054066250011,-44.79764624936776,0.15682,0.2003619486734326,0.04354194867343261,27.765558393975653,0.35855,0.35854991805725805,-8.194274192518947e-08,-8.194274192518947e-06,7.94151,3.4312133512712104,-4.51029664872879,-56.79394282357877,6.37672,4.990967629436901,-1.3857523705630985,-21.73142886253589,0.504619,1.0813665233152883,0.0578031,0.3664702818909093,0.337141,0.3371405624029474,8.72996,2.9507618400478894,17.3001,2.7287342232505485,8.49978,8.49978,0.5767475233152882,100.0,0.3086671818909093,100.0,-4.375970526493411e-07,-4.375970526493411e-05,-5.779198159952111,-66.19959495750393,-14.571365776749452,-84.22706098085821,0.0,0.0
57,0.405006,0.3944608011559602,-0.01054519884403976,-2.6037142274533616,0.0593004,0.1,0.0406996,68.63292659071439,0.316419,0.31641922441847486,2.2441847485898947e-07,2.2441847485898947e-05,6.82974,3.944608011559602,-2.8851319884403983,-42.243657715233645,16.8633,10.0,-6.863299999999999,-40.699625814638885,0.593891,1.1009608612571347,0.110675,1.650033339054856,0.59139,0.5913901407623505,5.3661,0.6672355250032513,9.0355,0.6060483605578557,25.3173,25.3173,0.5070698612571347,85.38096405857888,1.539358339054856,100.0,1.407623505533806e-07,1.407623505533806e-05,-4.698864474996749,-87.56572697111028,-8.429451639442146,-93.29258634765254,0.0,0.0
58,0.323118,0.31086339391166884,-0.012254606088331177,-3.792610157382497,0.0695149,0.1,0.0304851,43.854051433577546,0.60344,0.6034402790222463,2.7902224630782513e-07,2.7902224630782513e-05,4.64818,3.108633939116688,-1.5395460608833118,-33.12148111483014,14.3854,10.0,-4.385400000000001,-30.485075145633772,,,,,,,,,,,34.1519,,,,,,,,,,,,,
59,1.39714,0.760495237511127,-0.636644762488873,-45.56771422254556,0.166917,0.6848382330479661,0.5179212330479661,100.0,0.682115,0.682115189931927,1.8993192696381556e-07,1.8993192696381556e-05,8.37023,1.1104742708748008,-7.259755729125199,-86.73304949953824,5.99099,1.4601988495142326,-4.530791150485768,-75.62675201403721,0.592404,9.347002852397264,0.0673369,4.698842952564954,0.328429,0.32842867329546904,8.7976,1.989213716388419,14.8507,0.21281834913297767,7.31783,7.31783,8.754598852397264,100.0,4.631506052564954,100.0,-3.267045309840455e-07,-3.267045309840455e-05,-6.80838628361158,-77.3891320770617,-14.637881650867023,-98.56694735512146,0.0,0.0
60,0.766054,0.7669902229676103,0.0009362229676103118,0.122213703943888,0.0778852,0.1,0.022114800000000004,28.394097980104053,0.362818,0.362817831694602,-1.6830539795176236e-07,-1.6830539795176236e-05,9.83568,7.669902229676103,-2.1657777703238974,-22.019603833429894,12.8394,10.0,-2.8393999999999995,-22.114740564200815,,,,,,,,,,,11.8587,,,,,,,,,,,,,
61,0.342353,0.30409822766603706,-0.03825477233396296,-11.17407247313824,0.0479517,0.1,0.052048300000000006,100.0,0.445441,0.44544126618636987,2.661863698905087e-07,2.661863698905087e-05,7.13954,3.0409822766603702,-4.0985577233396295,-57.40646769035022,20.8543,10.0,-10.854299999999999,-52.04825863251224,,,,,,,,,,,29.6596,,,,,,,,,,,,,
62,0.535578,0.503786135552074,-0.03179186444792603,-5.935991479845333,0.104045,0.1177092501356718,0.013664250135671796,13.13301949701744,0.745885,0.7458848197388257,-1.802611743206839e-07,-1.802611743206839e-05,5.14757,4.279919674718933,-0.8676503252810672,-16.855532324593298,9.61123,8.495509051730421,-1.1157209482695798,-11.608513668589552,,,,,,,,,,,18.4633,,,,,,,,,,,,,
63,0.176599,0.19853184052439102,0.021932840524391012,12.419572321695487,0.0511881,0.1,0.048811900000000005,95.35790545068093,0.0662228,0.06622284007984791,4.00798479127662e-08,4.00798479127662e-06,3.44999,1.9853184052439101,-1.46467159475609,-42.45437217951617,19.5358,10.0,-9.535799999999998,-48.811924774004645,,,,,,,,,,,73.9677,,,,,,,,,,,,,
64,0.638663,0.6239795392581932,-0.01468346074180682,-2.299093691321843,0.0860047,0.1,0.013995300000000002,16.272715328348337,0.0966334,0.09663344638922185,4.6389221852738416e-08,4.638922185273842e-06,7.42591,6.239795392581931,-1.1861146074180686,-15.972649916549871,11.6273,10.0,-1.6273,-13.995510565651525,,,,,,,,,,,20.1297,,,,,,,,,,,,,
65,0.38302,0.24740494902894772,-0.1356150509710523,-35.406780578312436,0.126656,0.12328353930169653,-0.0033724606983034644,-2.6626931991405574,0.594794,0.5947939586040988,-4.139590126239767e-08,-4.139590126239767e-06,3.02411,2.006796287892938,-1.017313712107062,-33.640102777579585,7.89542,8.11138296048448,0.2159629604844806,2.7352941386839533,0.444719,0.4035599096885939,0.0522872,0.1,0.616503,0.6165026553650416,8.5053,4.035599096885939,19.1251,10.0,34.2735,34.2735,-0.04115909031140608,-9.255077995634565,0.04771280000000001,91.2513961351918,-3.446349584601549e-07,-3.446349584601549e-05,-4.469700903114061,-52.5519488214885,-9.1251,-47.71269169834406,0.0,0.0
66,0.612362,0.580982535282286,-0.03137946471771391,-5.124332456572079,0.0637959,0.1,0.0362041,56.7498851807091,0.265108,0.26510757963153625,-4.2036846376047876e-07,-4.2036846376047876e-05,9.59876,5.80982535282286,-3.7889346471771406,-39.47316785894366,15.675,10.0,-5.675000000000001,-36.20414673046252,,,,,,,,,,,17.1027,,,,,,,,,,,,,
67,0.168717,0.235688480610063,0.066971480610063,39.694565817352725,0.0552741,0.1,0.044725900000000006,80.91655947360519,0.22737,0.2273702498514889,2.498514889148762e-07,2.498514889148762e-05,3.05237,2.35688480610063,-0.69548519389937,-22.78508810856384,18.0917,10.0,-8.0917,-44.72603459044755,1.06883,1.218209145937015,0.127261,0.14320641930701367,0.258667,0.25866723638659134,8.39871,8.506665775403214,7.85785,6.982927195855277,68.9105,68.9105,0.14937914593701507,13.97594995808642,0.015945419307013653,12.529698263422143,2.363865913568297e-07,2.363865913568297e-05,0.1079557754032141,1.2853852008607765,-0.874922804144723,-11.134379049545652,0.0,0.0
68,0.195425,0.19954026761200253,0.004115267612002538,2.105804074198561,0.0501728,0.1,0.04982720000000001,99.3111805599847,0.199313,0.1993126355756411,-3.6442435888406344e-07,-3.6442435888406344e-05,3.89504,1.9954026761200252,-1.8996373238799746,-48.770675625410135,19.9311,10.0,-9.9311,-49.827154547415844,,,,,,,,,,,66.968,,,,,,,,,,,,,
69,0.464607,0.30944554217868986,-0.15516145782131013,-33.39628068912223,0.0657943,0.1,0.034205700000000006,51.98885009795682,0.557711,0.5577114283181016,4.283181016528914e-07,4.283181016528914e-05,7.06152,3.0944554217868983,-3.9670645782131015,-56.178621291352314,15.1989,10.0,-5.1989,-34.20576489088026,0.111938,0.17856024562349018,0.05122,0.3299399400273965,0.643686,0.6436857967241951,2.18543,0.5411901499668802,19.5236,3.030854645596908,18.1715,18.1715,0.06662224562349019,59.517094841331975,0.27871994002739653,100.0,-2.032758048553518e-07,-2.032758048553518e-05,-1.6442398500331201,-75.23644546076149,-16.49274535440309,-84.47594375219269,0.0,0.0
70,1.08399,1.079616181499514,-0.004373818500486015,-0.403492513813413,0.369704,0.7438662335500664,0.37416223355006645,100.0,0.231208,0.23120847339412703,4.7339412703739647e-07,4.733941270373965e-05,2.93204,1.4513579630400708,-1.4806820369599294,-50.50006265125746,2.70486,1.3443277230471227,-1.3605322769528774,-50.299545150317485,0.224616,0.24351024222924986,0.0565547,0.1,0.356659,0.3566585146664154,3.97167,2.4351024222924984,17.682,10.0,10.5715,10.5715,0.018894242229249847,8.41179712453692,0.043445300000000006,76.81996368117947,-4.853335845989015e-07,-4.853335845989015e-05,-1.5365675777075016,-38.68819860933817,-7.681999999999999,-43.44531161633299,0.0,0.0
71,0.181,0.15756386272265524,-0.023436137277344754,-12.948142142179423,0.0740223,0.1,0.025977700000000006,35.09442424782803,0.725763,0.725763025582549,2.558254896811718e-08,2.558254896811718e-06,2.44521,1.5756386272265523,-0.8695713727734475,-35.562236894722645,13.5095,10.0,-3.509499999999999,-25.978015470594762,0.1482,0.22929650418505632,0.0987125,0.18680823185891302,0.497491,0.49749142792391005,1.50133,1.2274432550607972,10.1304,5.353083159393374,62.4074,62.4074,0.08109650418505632,54.72098797912033,0.08809573185891302,89.24475811970422,4.2792391002910435e-07,4.2792391002910435e-05,-0.27388674493920284,-18.24294092166298,-4.777316840606626,-47.15822515010884,0.0,0.0
72,0.532507,0.3427461013388457,-0.18976089866115425,-35.63538106750789,0.0951516,0.1,0.004848400000000003,5.095447685588054,0.511541,0.511540870129781,-1.298702190233314e-07,-1.298702190233314e-05,5.5964,3.4274610133884567,-2.1689389866115434,-38.75596788313101,10.5095,10.0,-0.5094999999999992,-4.847994671487694,0.282612,0.31547555410705297,0.0484335,0.1,0.387931,0.3879306472975986,5.83506,3.1547555410705295,20.6469,10.0,16.4168,16.4168,0.032863554107052995,11.628506258422501,0.05156650000000001,100.0,-3.527024014515767e-07,-3.527024014515767e-05,-2.680304458929471,-45.93447983276043,-10.646899999999999,-51.56657900217466,0.0,0.0
73,0.450026,0.29822914077243357,-0.15179685922756642,-33.73068649979477,0.0511464,0.1,0.048853600000000004,95.51718204995856,0.726084,0.7260841046468923,1.04646892373772e-07,1.04646892373772e-05,8.79878,2.9822914077243357,-5.816488592275665,-66.1056259194532,19.5517,10.0,-9.5517,-48.85355237651969,0.247531,0.37734487819555784,0.0912028,0.16205229811779004,0.335581,0.335580583816297,2.71407,2.328537654685275,10.9646,6.170847384547028,17.1318,17.1318,0.12981387819555784,52.44348311749148,0.07084949811779004,77.68346818057125,-4.16183703000339e-07,-4.16183703000339e-05,-0.3855323453147248,-14.204952168320082,-4.793752615452973,-43.7202690061924,0.0,0.0
74,2.77185,1.8119780845154418,-0.9598719154845583,-34.6292878577325,0.624781,1.4589204555455322,0.8341394555455321,100.0,0.530308,0.5303080803608624,8.03608624089236e-08,8.03608624089236e-06,4.43652,1.2419992314371187,-3.194520768562881,-72.00510239022661,1.60056,0.6854383295531156,-0.9151216704468844,-57.17509312033816,0.270209,0.9027985096983496,0.0754774,0.6748320101397915,0.397226,0.3972257913284011,3.58,1.337812220127695,13.249,1.4818502752897715,3.99341,3.99341,0.6325895096983496,100.0,0.5993546101397915,100.0,-2.0867159894466525e-07,-2.0867159894466525e-05,-2.242187779872305,-62.63094357185209,-11.76714972471023,-88.81538021518777,0.0,0.0
75,0.59177,0.4829508689929507,-0.10881913100704932,-18.388754246928592,0.0729167,0.1,0.027083300000000005,37.14279444900826,0.38199,0.38199005866455804,5.8664558044707604e-08,5.8664558044707604e-06,8.1157,4.829508689929507,-3.2861913100704934,-40.49177902177869,13.7143,10.0,-3.7142999999999997,-27.083409288115323,0.539002,0.5600162072353794,0.0701432,0.1663908026956059,0.719958,0.7199575866821751,7.68431,3.365668042721501,14.2566,6.009947568011873,17.0719,17.0719,0.02101420723537939,3.8987252803105354,0.09624760269560591,100.0,-4.1331782485443114e-07,-4.1331782485443114e-05,-4.3186419572784995,-56.200777392875864,-8.246652431988128,-57.84445402121212,0.0,0.0
76,0.230919,0.22729355377992264,-0.0036254462200773774,-1.570007760330409,0.0520787,0.1,0.04792130000000001,92.01708183960046,0.514248,0.514247572217587,-4.2778241304830544e-07,-4.2778241304830544e-05,4.43404,2.2729355377992264,-2.161104462200774,-48.738948277434886,19.2017,10.0,-9.201699999999999,-47.921277803527815,,,,,,,,,,,46.1087,,,,,,,,,,,,,
77,0.0951016,0.10050651235757212,0.0054049123575721225,5.6833032857198225,0.093039,0.1,0.006961000000000009,7.481808703876879,0.40081,0.4008102862271676,2.862271675785344e-07,2.862271675785344e-05,1.02217,1.005065123575721,-0.017104876424278936,-1.67338861679358,10.7482,10.0,-0.7482000000000006,-6.961165590517488,0.54439,0.6154678889305549,0.149672,0.11092508351561171,0.0877263,0.08772626516832092,3.63722,5.5485005683492075,6.68128,9.015093505512294,467.734,467.734,0.07107788893055489,13.056428099442474,-0.038746916484388286,-25.887885833280965,-3.4831679068814125e-08,-3.4831679068814125e-06,1.9112805683492073,52.54784061313881,2.3338135055122935,34.93063463157199,0.0,0.0
78,2.23011,2.202591010579239,-0.02751898942076103,-1.233974531335272,0.22725,0.24029157453015515,0.013041574530155142,5.738866679936256,0.646727,0.6467269009871648,-9.901283526403404e-08,-9.901283526403404e-06,9.81345,9.16632643023789,-0.64712356976211,-6.594251458580929,4.40043,4.161610751252146,-0.23881924874785376,-5.427179815332906,,,,,,,,,,,4.20924,,,,,,,,,,,,,
79,0.335498,0.3122663617293169,-0.02323163827068314,-6.924523624785585,0.0557769,0.1,0.04422310000000001,79.28568995408494,0.379055,0.3790546439303287,-3.56069671247905e-07,-3.56069671247905e-05,6.015,3.1226636172931688,-2.892336382706831,-48.08539289620667,17.9286,10.0,-7.928599999999999,-44.22319645705744,,,,,,,,,,,27.4152,,,,,,,,,,,,,
80,0.123318,0.12724924613891325,0.003931246138913255,3.18789320205749,0.0784081,0.11898303356764432,0.04057493356764433,51.74839534135418,0.0868688,0.0868688367868443,3.6786844306857525e-08,3.6786844306857525e-06,1.57277,1.06947387642936,-0.5032961235706399,-32.00061824492074,12.7538,8.404559625145877,-4.349240374854123,-34.10152562259188,0.390638,1.9401616363392362,0.0526239,1.713489884293286,0.425107,0.4251073579016481,7.42321,1.132286600652702,19.0028,0.5836042623691597,173.133,173.133,1.5495236363392362,100.0,1.660865984293286,100.0,3.579016480959041e-07,3.579016480959041e-05,-6.290923399347298,-84.74667157937465,-18.41919573763084,-96.92885120945776,0.0,0.0
81,0.443769,0.3392093835961418,-0.10455961640385825,-23.561721617295987,0.0556179,0.1,0.04438210000000001,79.79823042581616,0.446477,0.44647714398208377,1.4398208375565602e-07,1.4398208375565602e-05,7.9789,3.3920938359614174,-4.586806164038583,-57.4866982170297,17.9798,10.0,-7.979800000000001,-44.38202872112037,0.29861,0.3023785892649114,0.0646039,0.1,0.652483,0.652483036403398,4.62216,3.023785892649114,15.4789,10.0,18.8095,18.8095,0.003768589264911415,1.262043891668536,0.0353961,54.789416737998785,3.6403397962736506e-08,3.6403397962736506e-06,-1.5983741073508861,-34.58067456234501,-5.478899999999999,-35.39592606709779,0.0,0.0
82,0.308804,0.31818861526927833,0.009384615269278307,3.0390199833157294,0.0845335,0.1,0.015466500000000008,18.29629673443074,0.166775,0.166775434447259,4.3444725900121384e-07,4.3444725900121384e-05,3.65304,3.1818861526927833,-0.47115384730721654,-12.897582487660047,11.8296,10.0,-1.8295999999999992,-15.466287955636702,,,,,,,,,,,34.6971,,,,,,,,,,,,,
83,0.335676,0.32455403007987926,-0.011121969920120711,-3.313305068018182,0.050099,0.1,0.04990100000000001,99.60478253058945,0.139353,0.1393533331224583,3.331224582847625e-07,3.331224582847625e-05,6.70026,3.2455403007987926,-3.4547196992012075,-51.56097971125311,19.9605,10.0,-9.9605,-49.90105458280103,,,,,,,,,,,38.3688,,,,,,,,,,,,,
84,0.326773,0.3568042321643834,0.030031232164383415,9.19024281822042,0.0643322,0.1,0.0356678,55.44315288455858,0.104308,0.10430814470385276,1.447038527613298e-07,1.447038527613298e-05,5.07947,3.568042321643834,-1.5114276783561658,-29.755617778157283,15.5443,10.0,-5.5443,-35.66773672664578,0.304839,0.6700445008209709,0.0525369,0.584895637610002,0.496771,0.49677082913836296,5.80238,1.145579583323452,19.0342,1.7097067163745583,34.7254,34.7254,0.36520550082097086,100.0,0.532358737610002,100.0,-1.7086163706103719e-07,-1.708616370610372e-05,-4.656800416676548,-80.25672942269462,-17.32449328362544,-91.01771171693815,0.0,0.0
85,0.506,0.5128400846079544,0.0068400846079543776,1.3517953770660824,0.1369,0.13997613776334475,0.003076137763344755,2.2469961748318155,0.555079,0.555078819652105,-1.803478949513604e-07,-1.803478949513604e-05,3.69612,3.663767930752628,-0.03235206924737222,-0.8752981301303047,7.30458,7.144074811455956,-0.16050518854404405,-2.197322618741174,,,,,,,,,,,20.5281,,,,,,,,,,,,,
86,0.180609,0.17112801407403794,-0.009480985925962054,-5.24945375145317,0.0716654,0.1,0.0283346,39.537349962464454,0.322216,0.32221634578808395,3.4578808394414295e-07,3.4578808394414295e-05,2.52018,1.7112801407403793,-0.8088998592596206,-32.0969081279758,13.9537,10.0,-3.9536999999999995,-28.334420261292703,0.383286,0.5739307909729889,0.0595567,0.13601033507067734,0.375182,0.37518178032888616,6.43565,4.219758672565196,16.7907,7.352382445645422,60.2906,60.2906,0.19064479097298892,49.739565487126825,0.07645363507067734,100.0,-2.196711138546803e-07,-2.196711138546803e-05,-2.2158913274348038,-34.43150773324845,-9.43831755435458,-56.21157875701775,0.0,0.0
87,0.321125,0.32324272405139237,0.002117724051392378,0.659470315731375,0.0496402,0.1,0.0503598,100.0,0.0731347,0.07313465541791936,-4.4582080638289057e-08,-4.458208063828906e-06,6.46906,3.2324272405139234,-3.2366327594860764,-50.032504869116636,20.145,10.0,-10.145,-50.359890791759746,,,,,,,,,,,38.4415,,,,,,,,,,,,,
88,0.86574,0.7025849128926714,-0.1631550871073285,-18.845737416236805,0.290867,0.34938931402378914,0.05852231402378916,20.119956551891125,0.563278,0.5632777453866865,-2.546133134329054e-07,-2.546133134329054e-05,2.97642,2.010894107782684,-0.965525892217316,-32.43916826984485,3.438,2.862136762236272,-0.5758632377637283,-16.749948742400473,1.27909,1.1902523739069693,0.136115,0.7991168415407018,0.628476,0.6284764107687655,9.39712,1.4894597536101928,7.34674,1.2513814601529287,12.0604,12.0604,-0.08883762609303081,-6.945377267669266,0.6630018415407019,100.0,4.1076876544643426e-07,4.1076876544643426e-05,-7.907660246389806,-84.14982724909127,-6.095358539847071,-82.96684706205842,0.0,0.0
89,0.436007,0.21886220800087558,-0.2171447919991244,-49.803051785665005,0.0664353,0.18540309571090755,0.11896779571090754,100.0,0.203812,0.2038116863123981,-3.13687601893875e-07,-3.13687601893875e-05,6.56289,1.1804668479869378,-5.382423152013063,-82.01300268651558,15.0522,5.393653197459359,-9.658546802540641,-64.1670108192865,0.860734,0.8829967949526656,0.238879,0.2609736383850114,0.560596,0.5605963086915146,3.60322,3.3834712211429974,4.18622,3.8318046458190977,24.0505,24.0505,0.022262794952665588,2.5864895487648436,0.02209463838501141,9.249301271778352,3.0869151457224575e-07,3.0869151457224575e-05,-0.2197487788570025,-6.0986778175354965,-0.35441535418090186,-8.466238138007604,0.0,0.0
90,0.200925,0.22838619153985024,0.027461191539850244,13.667384118377626,0.107295,0.11031882569648276,0.0030238256964827542,2.818235422417404,0.22542,0.2254203724208887,3.724208886835001e-07,3.724208886835001e-05,1.87264,2.070237696041137,0.19759769604113675,10.5518250192849,9.32012,9.064636010097436,-0.2554839899025634,-2.741209232312067,1.1546,1.3156372875272597,0.116978,0.11076617959142213,0.213934,0.21393367577403655,9.87022,11.87760824089255,8.54862,9.028026457973471,64.6048,64.6048,0.16103728752725965,13.947452583341386,-0.006211820408577873,-5.31024672039005,-3.242259634661515e-07,-3.242259634661515e-05,2.007388240892551,20.337826724151547,0.4794064579734716,5.607998226304031,0.0,0.0
91,0.372612,0.3129251525912458,-0.059686847408754184,-16.018498440402933,0.0585223,0.1,0.041477700000000006,70.87503396141301,0.677048,0.6770481081177828,1.0811778283770224e-07,1.0811778283770224e-05,6.36701,3.129251525912458,-3.2377584740875416,-50.852102856561274,17.0875,10.0,-7.087499999999999,-41.47768836869056,0.86443,1.2178508878803687,0.0988978,0.22425474852388744,0.197077,0.19707732098154213,8.74064,5.430658195184858,10.1115,4.459214382671058,22.2766,22.2766,0.35342088788036863,40.88484757358822,0.12535694852388746,100.0,3.209815421234552e-07,3.209815421234552e-05,-3.309981804815143,-37.86887235734617,-5.652285617328942,-55.89957590198231,0.0,0.0
92,0.625331,0.5247121474405235,-0.10061885255947645,-16.090494883425972,0.118231,0.1,-0.018230999999999997,-15.419813754429883,0.732175,0.7321754964534102,4.964534101592477e-07,4.964534101592477e-05,5.28907,5.247121474405235,-0.041948525594764696,-0.7931172322310861,8.45803,10.0,1.5419699999999992,18.23084098779502,0.619983,0.7555048941354312,0.483167,0.514003689785436,0.516662,0.5166623602250588,1.28317,1.4698433282663919,2.06968,1.9455113258378296,14.2811,14.2811,0.13552189413543125,21.858969380681607,0.030836689785435967,6.382201140689651,3.602250588929934e-07,3.602250588929934e-05,0.18667332826639194,14.547825172533019,-0.12416867416217037,-5.999414120162072,0.0,0.0
93,0.877952,1.4321594947186211,0.5542074947186212,63.12503356887634,0.0906552,0.1,0.0093448,10.3080683733531,0.454688,0.45468750017674736,-4.998232526198798e-07,-4.998232526198798e-05,9.68452,14.321594947186211,4.637074947186212,47.88130900846105,11.0308,10.0,-1.0307999999999993,-9.344743808245996,3.97534,4.38564859235365,0.544812,0.8159384084672247,0.505034,0.5050339863324298,7.29672,5.374975055521997,1.8355,1.2255827028397193,10.4424,10.4424,0.41030859235365025,10.321345906353928,0.2711264084672247,49.76513154394997,-1.3667570186726152e-08,-1.3667570186726152e-06,-1.9217449444780028,-26.337106871005094,-0.6099172971602806,-33.22894563662657,0.0,0.0
94,0.119153,0.15005077757601726,0.030897777576017263,25.931178884306117,0.0540918,0.1,0.0459082,84.8709046472848,0.27683,0.27682964057919873,-3.594208012880351e-07,-3.594208012880351e-05,2.20279,1.5005077757601726,-0.7022822242398272,-31.881487760514045,18.4871,10.0,-8.487100000000002,-45.90822789945422,0.421514,0.532667611832952,0.135955,0.377506203004148,0.605348,0.6053480935969353,3.1004,1.411016845800277,7.3554,2.6489630952872374,125.341,125.341,0.11115361183295197,26.37008778663389,0.241551203004148,100.0,9.359693531330038e-08,9.359693531330038e-06,-1.689383154199723,-54.489199916130914,-4.706436904712763,-63.98614493722658,0.0,0.0
95,0.234121,0.24487134997887014,0.010750349978870144,4.591792269326606,0.0679291,0.1,0.0320709,47.212314015642775,0.139793,0.13979302510045855,2.5100458544979887e-08,2.5100458544979887e-06,3.44656,2.4487134997887012,-0.9978465002112986,-28.951954998935133,14.7212,10.0,-4.7212,-32.07075510148629,,,,,,,,,,,50.1579,,,,,,,,,,,,,
96,0.557992,0.5078404119395207,-0.05015158806047937,-8.987868654116792,0.0568221,0.1,0.043177900000000005,75.98786387690706,0.721856,0.721855506095125,-4.939048749985631e-07,-4.9390487499856306e-05,9.81999,5.0784041193952065,-4.741585880604794,-48.285037770963044,17.5988,10.0,-7.598800000000001,-43.177943950723915,,,,,,,,,,,19.2537,,,,,,,,,,,,,
97,0.21611,0.16116112267580188,-0.05494887732419812,-25.426346455137715,0.0771842,0.14772787671267715,0.07054367671267715,91.39652508243546,0.667321,0.6673208932891527,-1.0671084738067549e-07,-1.0671084738067549e-05,2.79993,1.0909323701257256,-1.7089976298742742,-61.03715556725612,12.956,6.769203093231663,-6.186796906768336,-47.75236883890349,3.10724,10.0,0.313405,10.0,0.423274,0.42327413257077373,9.91448,1.0,3.19076,0.1,46.0927,46.0927,6.89276,100.0,9.686595,100.0,1.3257077374762005e-07,1.3257077374762005e-05,-8.91448,-89.9137423243579,-3.09076,-96.86595043187202,0.0,0.0
98,2.98562,2.9220702657486477,-0.06354973425135224,-2.128527215498029,0.768253,2.1744324626828435,1.4061794626828434,100.0,0.154376,0.15437617942544662,1.7942544661142534e-07,1.7942544661142534e-05,3.88624,1.3438312368383973,-2.5424087631616024,-65.42078623969705,1.30165,0.45989011715093087,-0.8417598828490691,-64.6686807397587,0.220655,0.2452040436699558,0.0714382,0.1095606746654026,0.710644,0.7106442393514147,3.08876,2.2380662077776257,13.9981,9.127362560097332,4.24789,4.24789,0.024549043669955806,11.125532469219282,0.03812247466540261,53.36427102782911,2.3935141468811594e-07,2.3935141468811594e-05,-0.8506937922223745,-27.541595728459782,-4.870737439902669,-34.79570398770311,0.0,0.0
99,0.342691,0.3140202481486423,-0.0286707518513577,-8.36635682038854,0.182913,0.11931437051837952,-0.06359862948162047,-34.76987938616745,0.471173,0.4711731028322287,1.0283222867668584e-07,1.0283222867668584e-05,1.87352,2.6318728145179273,0.7583528145179272,40.477433628566935,5.46709,8.381220096584737,2.9141300965847377,53.303130121961374,0.88224,0.8690354899075629,0.0909307,0.1,0.366535,0.3665345259255551,9.70233,8.690354899075627,10.9974,10.0,34.1669,34.1669,-0.013204510092437172,-1.4967027217579312,0.009069300000000002,9.973859213664914,-4.740744449227563e-07,-4.740744449227563e-05,-1.0119751009243725,-10.430227594035376,-0.9974000000000007,-9.06941640751451,0.0,0.0
